filename,interested
AllieKat1070.00.png,0
AllieKat1070.01.png,0
amunyque71.00.png,0
amunyque71.01.png,0
amunyque71.02.png,0
amunyque71.03.png,0
amunyque71.04.png,0
amunyque71.05.png,0
antonia_men.00.png,0
antonia_men.01.png,0
antonia_men.02.png,0
antonia_men.03.png,0
antonia_men.04.png,0
antonia_men.05.png,0
BeePatient.00.png,0
BeePatient.01.png,0
BeePatient.02.png,0
BeePatient.03.png,0
BeePatient.04.png,1
BeePatient.05.png,0
candipie1989.00.png,0
candipie1989.01.png,0
candipie1989.02.png,0
candipie1989.03.png,0
candipie1989.04.png,0
candipie1989.05.png,0
candipie1989.06.png,0
carmelreed.00.png,0
carmelreed.01.png,0
carmelreed.02.png,0
carmelreed.03.png,0
carmelreed.04.png,0
carmelreed.05.png,0
cherryandsandy.00.png,0
chloe0219.00.png,1
chloe0219.01.png,1
chloe0219.02.png,0
chloe0219.03.png,1
chloe0219.04.png,1
chloe0219.05.png,0
chloe0219.06.png,0
chloe0219.07.png,1
consuelocast.00.png,0
cristinabele.00.png,0
cristinabele.01.png,0
danigirl1234e.00.png,0
danigirl1234e.01.png,0
danigirl1234e.02.png,0
danigirl1234e.03.png,0
Erickadh2.00.png,0
Erickadh2.01.png,0
Erickadh2.02.png,0
GeekyLonghorn.00.png,0
GeekyLonghorn.01.png,0
GeekyLonghorn.02.png,0
GeekyLonghorn.03.png,0
GeekyLonghorn.04.png,0
GeekyLonghorn.05.png,0
GeekyLonghorn.06.png,0
heidiatx.00.png,1
heidiatx.01.png,1
heidiatx.02.png,0
heidiatx.03.png,1
heidiatx.04.png,1
heidiatx.05.png,0
Hpolvr71.00.png,1
Hpolvr71.01.png,1
Hpolvr71.02.png,0
Hpolvr71.03.png,1
Hpolvr71.04.png,1
Hpolvr71.05.png,0
Hpolvr71.06.png,1
Hpolvr71.07.png,1
jacklina1.00.png,0
jacklina1.01.png,0
jacklina1.02.png,0
Jensta11.00.png,1
Jensta11.01.png,1
Jensta11.02.png,0
Jensta11.03.png,1
karyn1916.00.png,0
karyn1916.01.png,0
karyn1916.02.png,0
karyn1916.03.png,0
khendab.00.png,0
khendab.01.png,0
khendab.02.png,0
khendab.03.png,0
khendab.04.png,0
khendab.05.png,0
khendab.06.png,0
ladylisau.00.png,0
ladylisau.01.png,0
ladylisau.02.png,0
ladylisau.03.png,0
Lashae42.00.png,1
LearJetLover.00.png,1
LearJetLover.01.png,0
LearJetLover.02.png,0
LearJetLover.03.png,0
LikelyToLove.00.png,0
LikelyToLove.01.png,0
LikelyToLove.02.png,0
luvspink.00.png,0
maryannbella.00.png,0
mmorgan17.00.png,1
mmorgan17.01.png,0
mmorgan17.02.png,0
mmorgan17.03.png,0
mmorgan17.04.png,0
mmorgan17.05.png,0
mrosebud1971.00.png,0
NoooDramaJustFun.00.png,0
NoooDramaJustFun.01.png,0
NoooDramaJustFun.02.png,0
NoooDramaJustFun.03.png,0
NoooDramaJustFun.04.png,0
NoooDramaJustFun.05.png,0
NoooDramaJustFun.06.png,0
NoooDramaJustFun.07.png,0
Once_moreTime0998655.00.png,1
peggyrm1.00.png,1
peggyrm1.01.png,0
peggyrm1.02.png,0
peggyrm1.03.png,0
peggyrm1.04.png,0
peggyrm1.05.png,0
peggyrm1.06.png,0
peggyrm1.07.png,1
pjracer.00.png,1
pjracer.01.png,0
pjracer.02.png,1
pjracer.03.png,0
pjracer.04.png,1
pjracer.05.png,0
pjracer.06.png,0
pjracer.07.png,0
RarePattern.00.png,1
RarePattern.01.png,0
RarePattern.02.png,0
RarePattern.03.png,0
RarePattern.04.png,0
RarePattern.05.png,0
RarePattern.06.png,0
RarePattern.07.png,0
RED78752.00.png,0
RED78752.01.png,0
RED78752.02.png,0
RED78752.03.png,0
RED78752.04.png,0
RED78752.05.png,0
RED78752.06.png,0
RED78752.07.png,0
riverdancer526.00.png,1
riverdancer526.01.png,0
riverdancer526.02.png,0
riverdancer526.03.png,0
riverdancer526.04.png,0
riverdancer526.05.png,0
riverdancer526.06.png,0
riverdancer526.07.png,0
robbier718.00.png,0
robbier718.01.png,0
robbier718.02.png,0
robbier718.03.png,0
robbier718.04.png,0
robbier718.05.png,0
robbier718.06.png,0
RRTX2014.00.png,1
RRTX2014.01.png,0
Seekingpassionatekisses.00.png,0
Seekingpassionatekisses.01.png,0
Seekingpassionatekisses.02.png,0
Seekingpassionatekisses.03.png,0
Seekingpassionatekisses.04.png,0
Seekingpassionatekisses.05.png,0
Seekingpassionatekisses.06.png,0
Seekingpassionatekisses.07.png,0
Seekingpassionatekisses.08.png,0
Seekingpassionatekisses.09.png,0
Seekingpassionatekisses.10.png,0
Seekingpassionatekisses.11.png,0
Seekingpassionatekisses.12.png,0
Seekingpassionatekisses.13.png,0
Seekingpassionatekisses.14.png,0
Seekingpassionatekisses.15.png,0
sexythick001.00.png,0
sexythick001.01.png,0
sexythick001.02.png,1
singlediva14.00.png,1
singlediva14.01.png,0
Susie1119.00.png,1
Susie1119.01.png,0
Susie1119.02.png,0
Susie1119.03.png,0
Susie1119.04.png,0
Susie1119.05.png,0
Susie1119.06.png,0
Susie1119.07.png,0
SWWEscape.00.png,0
SWWEscape.01.png,0
SWWEscape.02.png,0
SWWEscape.03.png,0
SWWEscape.04.png,0
tamarafer1225.00.png,0
terriann0131.00.png,0
terriann0131.01.png,0
terriann0131.02.png,0
terriann0131.03.png,0
terriann0131.04.png,0
terriann0131.05.png,0
terriann0131.06.png,0
Texas49.00.png,0
Texas49.01.png,0
Texas49.02.png,0
Texas49.03.png,0
Texas49.04.png,0
Texas49.05.png,0
tonyasandy.00.png,0
tonyasandy.01.png,0
TxSexyRed.00.png,0
TxSexyRed.01.png,0
TxSexyRed.02.png,0
TxSexyRed.03.png,0
TxSexyRed.04.png,0
ykceb08.00.png,0
